dialog_id,label,value
e873e61fd0dc323f30ca4081639089d8,,
96c15b05833f078d2ed7346406b9ffc7,,
a98a0d918b1c58412a3e69d3ca0e1f52,,
a6c14460475445dd1195aef431404d0c,,
209107b8768be282750f20f70706ba48,,
63dae105186aa660c0b7029402745733,,
d95e271ff3b019994203c8fa40925086,,
6037e609e280240742c3e0286bc9dc2c,,
9b16ed5b453c6e54d6f0e567a20b090a,,
8190f451924376fb58c78bcd708af116,,
6064d26e4129b4f1ac61e274356570b1,,
cec939b3380462d68d2f1e9ce6204dc9,,
6faafe6b63524947e8581600c85f5f8e,,
a39fcdd6f88a95a6630662162b22e13c,,
90f1e15d73c24a10a1062acf2d374fba,,
d863037ff7209b011b4a4a0bcbcc7f25,,
5b0d16c862c18b1ed7c661d526c09cc9,,
56f4837642a4d89b4f958fbbdb8728aa,,
0e9d7f2ce5356ef35d15d4a437d33acd,,
427b37f9aece3f3a25ded39a6c8d4126,,
